{"model_name": "binary_logistic", "task": "spam_enron", "num_train": 32, "num_test": 8, "methods": ["all"], "per_test": null, "prefix": "spam_enron_trainingsamples=2_numexamples=20", "influence_duration": 0.15561938285827637, "estimated_total_influence_duration": 2.489910125732422, "loo_duration": 46.14888072013855, "pearson_corr": [1.0, 0.0], "rmse_influence": 0.07541195712472426, "estimated_total_loo_duration": 738.3820915222168, "cosine_duration": 0.0019991397857666016, "estimated_total_cosine_duration": 0.031986236572265625, "equal_duration": 0.0, "estimated_total_equal_duration": 0.0, "random_duration": 0.0009965896606445312, "estimated_total_random_duration": 0.0159454345703125}