{"model_name": "binary_logistic", "task": "spam_enron", "num_train": 32, "num_test": 8, "methods": ["all"], "per_test": null, "prefix": "spam_enron_trainingsamples=2_numexamples=20", "influence_duration": 0.20345473289489746, "estimated_total_influence_duration": 3.2552757263183594, "loo_duration": 53.03042793273926, "pearson_corr": [1.0, 0.0], "rmse_influence": 0.07541195712472426, "estimated_total_loo_duration": 848.4868469238281, "cosine_duration": 0.005038261413574219, "estimated_total_cosine_duration": 0.0806121826171875, "equal_duration": 0.0, "estimated_total_equal_duration": 0.0, "random_duration": 0.0019931793212890625, "estimated_total_random_duration": 0.031890869140625}