{"model_name": "binary_logistic", "task": "spam_enron", "num_train": 32, "num_test": 8, "methods": ["all"], "per_test": null, "prefix": "spam_enron_trainingsamples=2_numexamples=20", "influence_duration": 0.1504368782043457, "estimated_total_influence_duration": 2.4069900512695312, "loo_duration": 51.42617869377136, "pearson_corr": [1.0, 0.0], "rmse_influence": 0.07541195712472426, "estimated_total_loo_duration": 822.8188591003418, "cosine_duration": 0.0019953250885009766, "estimated_total_cosine_duration": 0.031925201416015625, "equal_duration": 0.0, "estimated_total_equal_duration": 0.0, "random_duration": 0.0019960403442382812, "estimated_total_random_duration": 0.0319366455078125}