{"8": {"all_at_once": {"influence": -0.0023850544821470976}, "0": {"leave-one-out": 0.03888127952814102}, "1": {"leave-one-out": -0.044131431728601456}, "2": {"leave-one-out": -0.038814328610897064}, "3": {"leave-one-out": 0.08453704416751862}, "4": {"leave-one-out": -0.04176793619990349}, "5": {"leave-one-out": -0.01434696838259697}, "6": {"leave-one-out": -0.03677710145711899}, "7": {"leave-one-out": -0.007155057042837143}}, "4": {"all_at_once": {"influence": 0.012283958494663239}, "0": {"leave-one-out": 0.018895648419857025}, "1": {"leave-one-out": -0.04356491193175316}, "2": {"leave-one-out": -0.03937152773141861}, "3": {"leave-one-out": 1.0243980884552002}, "4": {"leave-one-out": 0.023652777075767517}, "5": {"leave-one-out": -0.018342003226280212}, "6": {"leave-one-out": -0.04240018129348755}, "7": {"leave-one-out": 0.02723117172718048}}}